image,angle,force,coordx,coordy,width,height,caption
_gridapple3.png,0.0,0.05,347,169,720,480,"An apple hangs from a slender branch, gently swaying back and forth. The leaves around it rustle softly, their edges slightly curled and speckled with hints of brown. The apple, with its warm hues of green and red, glistens subtly in the dappled sunlight filtering through the surrounding foliage. The apple's movement creates a rhythmic dance against the backdrop of lush, verdant grass."
_gridapple3.png,0.0,0.25,347,169,720,480,"An apple hangs from a slender branch, gently swaying back and forth. The leaves around it rustle softly, their edges slightly curled and speckled with hints of brown. The apple, with its warm hues of green and red, glistens subtly in the dappled sunlight filtering through the surrounding foliage. The apple's movement creates a rhythmic dance against the backdrop of lush, verdant grass."
_gridapple3.png,0.0,0.5,347,169,720,480,"An apple hangs from a slender branch, gently swaying back and forth. The leaves around it rustle softly, their edges slightly curled and speckled with hints of brown. The apple, with its warm hues of green and red, glistens subtly in the dappled sunlight filtering through the surrounding foliage. The apple's movement creates a rhythmic dance against the backdrop of lush, verdant grass."
_gridapple3.png,0.0,0.75,347,169,720,480,"An apple hangs from a slender branch, gently swaying back and forth. The leaves around it rustle softly, their edges slightly curled and speckled with hints of brown. The apple, with its warm hues of green and red, glistens subtly in the dappled sunlight filtering through the surrounding foliage. The apple's movement creates a rhythmic dance against the backdrop of lush, verdant grass."
_gridapple3.png,0.0,0.95,347,169,720,480,"An apple hangs from a slender branch, gently swaying back and forth. The leaves around it rustle softly, their edges slightly curled and speckled with hints of brown. The apple, with its warm hues of green and red, glistens subtly in the dappled sunlight filtering through the surrounding foliage. The apple's movement creates a rhythmic dance against the backdrop of lush, verdant grass."
_gridapple3.png,180.0,0.05,347,169,720,480,"An apple hangs from a slender branch, gently swaying back and forth. The leaves around it rustle softly, their edges slightly curled and speckled with hints of brown. The apple, with its warm hues of green and red, glistens subtly in the dappled sunlight filtering through the surrounding foliage. The apple's movement creates a rhythmic dance against the backdrop of lush, verdant grass."
_gridapple3.png,180.0,0.25,347,169,720,480,"An apple hangs from a slender branch, gently swaying back and forth. The leaves around it rustle softly, their edges slightly curled and speckled with hints of brown. The apple, with its warm hues of green and red, glistens subtly in the dappled sunlight filtering through the surrounding foliage. The apple's movement creates a rhythmic dance against the backdrop of lush, verdant grass."
_gridapple3.png,180.0,0.5,347,169,720,480,"An apple hangs from a slender branch, gently swaying back and forth. The leaves around it rustle softly, their edges slightly curled and speckled with hints of brown. The apple, with its warm hues of green and red, glistens subtly in the dappled sunlight filtering through the surrounding foliage. The apple's movement creates a rhythmic dance against the backdrop of lush, verdant grass."
_gridapple3.png,180.0,0.75,347,169,720,480,"An apple hangs from a slender branch, gently swaying back and forth. The leaves around it rustle softly, their edges slightly curled and speckled with hints of brown. The apple, with its warm hues of green and red, glistens subtly in the dappled sunlight filtering through the surrounding foliage. The apple's movement creates a rhythmic dance against the backdrop of lush, verdant grass."
_gridapple3.png,180.0,0.95,347,169,720,480,"An apple hangs from a slender branch, gently swaying back and forth. The leaves around it rustle softly, their edges slightly curled and speckled with hints of brown. The apple, with its warm hues of green and red, glistens subtly in the dappled sunlight filtering through the surrounding foliage. The apple's movement creates a rhythmic dance against the backdrop of lush, verdant grass."
